{
    "ambientocclusion": false,
    "textures": {
        "particle": "#bottom"
    },
    "elements": [
        {   "from": [ 0, 0, 0 ],
            "to": [ 3, 16, 16 ],
            "faces": {
                "north": {"uv": [0, 0, 1, 16], "texture": "#bottom"},
				"south": {"uv": [15, 0, 16, 16], "texture": "#bottom"},
				"west": {"uv": [0, 0, 16, 16], "texture": "#bottom"},
				"east": {"uv": [16, 0, 0, 16], "texture": "#bottom"},
				"down": {"uv": [0, 15, 16, 16], "texture": "#bottom"}
            }
        }
    ]
}