{
    "ambientocclusion": false,
    "textures": {
        "particle": "#top"
    },
    "elements": [
        {   "from": [ 0, 0, 0 ],
            "to": [ 3, 16, 16 ],
            "faces": {
                "up": {"uv": [0, 0, 16, 1], "texture": "#top"},
				"north": {"uv": [0, 0, 1, 16], "texture": "#top"},
				"south": {"uv": [15, 0, 16, 16], "texture": "#top"},
				"west": {"uv": [0, 0, 16, 16], "texture": "#top"},
				"east": {"uv": [16, 0, 0, 16], "texture": "#top"}
            }
        }
    ]
}